키워드,폭등 시점,3년 평균 상승률,2개월 내 폭등 예정,비서의 조언
금고,-,-,아니오,반복적 시즌 패턴이 뚜렷하지 않습니다.
텀블러,-,-,아니오,반복적 시즌 패턴이 뚜렷하지 않습니다.
스타벅스텀블러,-,-,아니오,반복적 시즌 패턴이 뚜렷하지 않습니다.
비데,-,-,아니오,반복적 시즌 패턴이 뚜렷하지 않습니다.
안마의자,-,-,아니오,반복적 시즌 패턴이 뚜렷하지 않습니다.
빨래건조대,-,-,아니오,반복적 시즌 패턴이 뚜렷하지 않습니다.
식기건조대,-,-,아니오,반복적 시즌 패턴이 뚜렷하지 않습니다.
분리수거함,-,-,아니오,반복적 시즌 패턴이 뚜렷하지 않습니다.
필통,-,-,아니오,반복적 시즌 패턴이 뚜렷하지 않습니다.
차량용방향제,-,-,아니오,반복적 시즌 패턴이 뚜렷하지 않습니다.
멀티탭,-,-,아니오,반복적 시즌 패턴이 뚜렷하지 않습니다.
수건,-,-,아니오,반복적 시즌 패턴이 뚜렷하지 않습니다.
싱크대수전,-,-,아니오,반복적 시즌 패턴이 뚜렷하지 않습니다.
캣타워,-,-,아니오,반복적 시즌 패턴이 뚜렷하지 않습니다.
수저세트,-,-,아니오,반복적 시즌 패턴이 뚜렷하지 않습니다.
샤워기헤드,-,-,아니오,반복적 시즌 패턴이 뚜렷하지 않습니다.
뉴타입,-,-,아니오,반복적 시즌 패턴이 뚜렷하지 않습니다.
빨래바구니,-,-,아니오,반복적 시즌 패턴이 뚜렷하지 않습니다.
세면대,-,-,아니오,반복적 시즌 패턴이 뚜렷하지 않습니다.
네임스티커,매년 2월,평달 대비 279%,아니오,"지금이 2월이니, 1월 초에 사입을 완료하고 2월 초에 로켓그로스 입고를 끝내야 독점할 수 있습니다."
